id,business_name,country,city,maps_profile,website_status,social,contact,owner,why_need_website,quality
301,Blue Diamond Growers,USA,"Sacramento, CA","https://maps.google.com/?q=Blue+Diamond+Growers+Sacramento,+CA",Traditional web shop lacking an interactive custom gift tin builder and modern mobile checkout,IG: @bluediamondgrow / FB: Blue Diamond Growers,General Inquiries | support@bluediamond.com,Mark Jansen (CEO),your world-renowned California almonds and gourmet snack tins deserve a luxury direct-to-consumer digital gift boutique.,High
302,Sunsweet Growers,USA,"Yuba City, CA","https://maps.google.com/?q=Sunsweet+Growers+Yuba+City,+CA",Traditional web shop lacking an interactive custom gift tin builder and modern mobile checkout,IG: @sunsweetgrowers / FB: Sunsweet Growers,General Inquiries | info@sunsweet.com,Brad Schuler (CEO),"as the global leader in dried prunes and specialty fruits, a modern interactive gift box builder would unlock higher retail margins.",High
303,Setton Farms,USA,"Terra Bella, CA","https://maps.google.com/?q=Setton+Farms+Terra+Bella,+CA",Traditional web shop lacking an interactive custom gift tin builder and modern mobile checkout,IG: @settonfarms / FB: Setton Farms,General Inquiries | info@settonfarms.com,Lee Cohen (General Manager),"your premium California pistachios and pistachio chews deserve an ultra-luxurious, editorial e-commerce presentation.",High
304,Tierra Farm,USA,"Valatie, NY","https://maps.google.com/?q=Tierra+Farm+Valatie,+NY",Traditional web shop lacking an interactive custom gift tin builder and modern mobile checkout,IG: @tierrafarm / FB: Tierra Farm,General Inquiries | info@tierrafarm.com,Dan Kelly (CEO),your certified organic roasted nuts and dried fruits would see higher basket values with automated corporate gifting tins.,High
305,Sahale Snacks,USA,"Seattle, WA","https://maps.google.com/?q=Sahale+Snacks+Seattle,+WA",Traditional web shop lacking an interactive custom gift tin builder and modern mobile checkout,IG: @sahalesnacks / FB: Sahale Snacks,General Inquiries | info@sahalesnacks.com,Josh Schroeter (Co-Founder),your glazed nut mixes and fruit snack blends would convert at higher order values with our turnkey custom gift set configurator.,High
306,Diamond of California,USA,"Stockton, CA","https://maps.google.com/?q=Diamond+of+California+Stockton,+CA",Traditional web shop lacking an interactive custom gift tin builder and modern mobile checkout,IG: @diamondofcalifo / FB: Diamond of California,General Inquiries | info@diamondnuts.com,Craig Tokusato (CMO),your 110-year California heritage in culinary walnuts and pecans would thrive with a modern direct-to-consumer store.,High
307,Fisher Nuts (John B. Sanfilippo),USA,"Elgin, IL","https://maps.google.com/?q=Fisher+Nuts+(John+B.+Sanfilippo)+Elgin,+IL",Traditional web shop lacking an interactive custom gift tin builder and modern mobile checkout,IG: @fishernutsjohnb / FB: Fisher Nuts (John B. Sanfilippo),General Inquiries | info@fishernuts.com,Jeffrey Sanfilippo (CEO),your fresh-roasted nuts and orchard pecan favorites would convert higher with an express one-click mobile cart.,High
308,Planters Nut & Chocolate Co.,USA,"Austin, MN","https://maps.google.com/?q=Planters+Nut+&+Chocolate+Co.+Austin,+MN",Traditional web shop lacking an interactive custom gift tin builder and modern mobile checkout,IG: @plantersnutchoc / FB: Planters Nut & Chocolate Co.,General Inquiries | customercare@planters.com,Jim Snee (Chairman),the legendary Mr. Peanut brand could capture high-margin holiday gifting orders with custom customizable nut tin composers.,High
309,Western Nut Company,USA,"Salt Lake City, UT","https://maps.google.com/?q=Western+Nut+Company+Salt+Lake+City,+UT",Traditional web shop lacking an interactive custom gift tin builder and modern mobile checkout,IG: @westernnutcompa / FB: Western Nut Company,General Inquiries | sales@westernnut.com,Steve Western (President),"your freshly roasted cashews, almonds, and Utah gift tins deserve a modern, responsive digital storefront.",High
310,Cane River Pecan Company,USA,"New Iberia, LA","https://maps.google.com/?q=Cane+River+Pecan+Company+New+Iberia,+LA",Traditional web shop lacking an interactive custom gift tin builder and modern mobile checkout,IG: @caneriverpecanc / FB: Cane River Pecan Company,General Inquiries | info@caneriverpecan.com,Jady Regard (President),your Louisiana gourmet pecan tins and chocolate nuts would thrive with an interactive holiday gift configurator.,High
311,Golden Peanut and Tree Nuts,USA,"Alpharetta, GA","https://maps.google.com/?q=Golden+Peanut+and+Tree+Nuts+Alpharetta,+GA",Traditional web shop lacking an interactive custom gift tin builder and modern mobile checkout,IG: @goldenpeanutand / FB: Golden Peanut and Tree Nuts,General Inquiries | info@goldenpeanut.com,Arthur Peery (President),your premium peanut and pecan ingredients would benefit from our turnkey B2B ordering and consumer gift packaging modules.,High
312,Ellis Bros. Pecans,USA,"Vienna, GA","https://maps.google.com/?q=Ellis+Bros.+Pecans+Vienna,+GA",Traditional web shop lacking an interactive custom gift tin builder and modern mobile checkout,IG: @ellisbrospecans / FB: Ellis Bros. Pecans,General Inquiries | info@werenuts.com,Keith Ellis (Partner),your I-75 Georgia pecan store draws road-trippers nationwide; our turnkey store would turn visitors into repeat annual subscribers.,High
313,South Georgia Pecan Company,USA,"Valdosta, GA","https://maps.google.com/?q=South+Georgia+Pecan+Company+Valdosta,+GA",Traditional web shop lacking an interactive custom gift tin builder and modern mobile checkout,IG: @southgeorgiapec / FB: South Georgia Pecan Company,General Inquiries | info@georgiapecan.com,Jim Worn (President),"shelling pecans since 1913, your Georgia pecans deserve a modern, high-converting digital storefront.",High
314,Whaley Pecan Company,USA,"Troy, AL","https://maps.google.com/?q=Whaley+Pecan+Company+Troy,+AL",Traditional web shop lacking an interactive custom gift tin builder and modern mobile checkout,IG: @whaleypecancomp / FB: Whaley Pecan Company,General Inquiries | info@whaleypecan.com,Frank Whaley (President),your Alabama roasted pecans and seasonal nut gift samplers would convert higher with modern express payments.,High
315,Young Plantations,USA,"Florence, SC","https://maps.google.com/?q=Young+Plantations+Florence,+SC",Traditional web shop lacking an interactive custom gift tin builder and modern mobile checkout,IG: @youngplantation / FB: Young Plantations,General Inquiries | info@youngplantations.com,David Young (President),your famous Carolina pecan pralines and spiced nuts deserve an ultra-luxurious online gift tin experience.,High
316,Mascot Pecan Shelling Co.,USA,"Glennville, GA","https://maps.google.com/?q=Mascot+Pecan+Shelling+Co.+Glennville,+GA",Traditional web shop lacking an interactive custom gift tin builder and modern mobile checkout,IG: @mascotpecanshel / FB: Mascot Pecan Shelling Co.,General Inquiries | info@mascotpecan.com,Kenny Tarver (President),your handmade pecan clusters and Georgia roasted nuts would see higher cart sizes with custom gift tin packaging.,High
317,Royal Ridge Fruits,USA,"Royal City, WA","https://maps.google.com/?q=Royal+Ridge+Fruits+Royal+City,+WA",Traditional web shop lacking an interactive custom gift tin builder and modern mobile checkout,IG: @royalridgefruit / FB: Royal Ridge Fruits,General Inquiries | info@royalridgefruits.com,Kevin Dorsing (Managing Director),your Washington dried Montmorency tart cherries and blueberries deserve a premium digital boutique.,High
318,Meduri Farms,USA,"Dallas, OR","https://maps.google.com/?q=Meduri+Farms+Dallas,+OR",Traditional web shop lacking an interactive custom gift tin builder and modern mobile checkout,IG: @medurifarms / FB: Meduri Farms,General Inquiries | info@medurifarms.com,Joe Meduri (Founder),your infused dried cranberries and vineyard berries would convert higher with our turnkey luxury storefront.,High
319,Graceland Fruit,USA,"Frankfort, MI","https://maps.google.com/?q=Graceland+Fruit+Frankfort,+MI",Traditional web shop lacking an interactive custom gift tin builder and modern mobile checkout,IG: @gracelandfruit / FB: Graceland Fruit,General Inquiries | info@gracelandfruit.com,Al DeVore (CEO),"as a world pioneer in infused dried cranberries and cherries, your DTC store would benefit from modern subscription tools.",High
320,Shoreline Fruit,USA,"Traverse City, MI","https://maps.google.com/?q=Shoreline+Fruit+Traverse+City,+MI",Traditional web shop lacking an interactive custom gift tin builder and modern mobile checkout,IG: @shorelinefruit / FB: Shoreline Fruit,General Inquiries | info@shorelinefruit.com,Ken Wixson (Director),your Michigan Montmorency tart cherries and dried berries would drive higher margins with custom snack gift boxes.,High
321,Smeltzer Orchard Company,USA,"Frankfort, MI","https://maps.google.com/?q=Smeltzer+Orchard+Company+Frankfort,+MI",Traditional web shop lacking an interactive custom gift tin builder and modern mobile checkout,IG: @smeltzerorchard / FB: Smeltzer Orchard Company,General Inquiries | info@smeltzerorchards.com,Tim Smeltzer (President),"processing Michigan fruit since 1905, your dried cherries and blueberries deserve a modern consumer shop.",High
322,Cherry Central Cooperative,USA,"Traverse City, MI","https://maps.google.com/?q=Cherry+Central+Cooperative+Traverse+City,+MI",Traditional web shop lacking an interactive custom gift tin builder and modern mobile checkout,IG: @cherrycentralco / FB: Cherry Central Cooperative,General Inquiries | info@cherrycentral.com,Steve Cooper (President),your grower-owned dried fruit co-op would capture high retail margins with our turnkey direct cart.,High
323,Brownwood Acres / FruitFast,USA,"Central Lake, MI","https://maps.google.com/?q=Brownwood+Acres+/+FruitFast+Central+Lake,+MI",Traditional web shop lacking an interactive custom gift tin builder and modern mobile checkout,IG: @brownwoodacresf / FB: Brownwood Acres / FruitFast,General Inquiries | info@brownwoodacres.com,Stephen deTar (President),your tart cherry concentrates and dried fruit snack packs would drive stronger recurring subscriptions on a modern platform.,High
324,Traverse Bay Farms,USA,"Bellaire, MI","https://maps.google.com/?q=Traverse+Bay+Farms+Bellaire,+MI",Traditional web shop lacking an interactive custom gift tin builder and modern mobile checkout,IG: @traversebayfarm / FB: Traverse Bay Farms,General Inquiries | info@traversebayfarms.com,Andy LaPointe (Founder),your award-winning dried cherries and nut mixes would convert higher with an interactive corporate gift box builder.,High
325,King Orchards,USA,"Central Lake, MI","https://maps.google.com/?q=King+Orchards+Central+Lake,+MI",Traditional web shop lacking an interactive custom gift tin builder and modern mobile checkout,IG: @kingorchards / FB: King Orchards,General Inquiries | info@kingorchards.com,John King (Co-Owner),your farm-direct Michigan dried cherries and fruit gift boxes would thrive on our turnkey e-commerce store.,High
326,Friske Farm Market,USA,"Ellsworth, MI","https://maps.google.com/?q=Friske+Farm+Market+Ellsworth,+MI",Traditional web shop lacking an interactive custom gift tin builder and modern mobile checkout,IG: @friskefarmmarke / FB: Friske Farm Market,General Inquiries | info@friske.com,Richard Friske (Owner),your orchard dried fruits and handcrafted nut treats deserve an elevated digital storefront with nationwide shipping.,High
327,Golden State Fruit,USA,"Webster, NY","https://maps.google.com/?q=Golden+State+Fruit+Webster,+NY",Traditional web shop lacking an interactive custom gift tin builder and modern mobile checkout,IG: @goldenstatefrui / FB: Golden State Fruit,General Inquiries | info@goldenstatefruit.com,Dan O'Donnell (President),your fresh and dried fruit holiday towers would convert higher with our custom gift packaging configurator.,High
328,Manhattan Fruitier,USA,"Long Island City, NY","https://maps.google.com/?q=Manhattan+Fruitier+Long+Island+City,+NY",Traditional web shop lacking an interactive custom gift tin builder and modern mobile checkout,IG: @manhattanfruiti / FB: Manhattan Fruitier,General Inquiries | orders@manhattanfruitier.com,Lauren Elvers Collins (President),"your artistic dried fruit and nut gift arrangements deserve a high-converting, luxury digital showcase.",High
329,Frog Hollow Farm,USA,"Brentwood, CA","https://maps.google.com/?q=Frog+Hollow+Farm+Brentwood,+CA",Traditional web shop lacking an interactive custom gift tin builder and modern mobile checkout,IG: @froghollowfarm / FB: Frog Hollow Farm,General Inquiries | info@froghollow.com,Farmer Al Courchesne (Founder),your legendary California organic sun-dried peaches and nectarines deserve a luxury direct-to-consumer store.,High
330,Harry & David,USA,"Medford, OR","https://maps.google.com/?q=Harry+&+David+Medford,+OR",Traditional web shop lacking an interactive custom gift tin builder and modern mobile checkout,IG: @harrydavid / FB: Harry & David,General Inquiries | service@harryanddavid.com,Steven Lightman (President),your iconic Royal Riviera dried fruit baskets and gourmet nut towers could convert even higher with interactive custom box builders.,High
331,Wolferman's Gourmet Gifts,USA,"Medford, OR","https://maps.google.com/?q=Wolferman's+Gourmet+Gifts+Medford,+OR",Traditional web shop lacking an interactive custom gift tin builder and modern mobile checkout,IG: @wolfermansgourm / FB: Wolferman's Gourmet Gifts,General Inquiries | service@wolfermans.com,Gourmet Food Division,your breakfast gift baskets and dried fruit preserves would see higher average order values with custom bundle builders.,High
332,Cheryl's Gourmet Gifts,USA,"Westerville, OH","https://maps.google.com/?q=Cheryl's+Gourmet+Gifts+Westerville,+OH",Traditional web shop lacking an interactive custom gift tin builder and modern mobile checkout,IG: @cherylsgourmetg / FB: Cheryl's Gourmet Gifts,General Inquiries | service@cheryls.com,Cheryl Krueger (Founder),your gourmet holiday gift tins and roasted nut treats would convert higher with a streamlined mobile checkout.,High
333,Dancing Deer Gourmet Snacks,USA,"Boston, MA","https://maps.google.com/?q=Dancing+Deer+Gourmet+Snacks+Boston,+MA",Traditional web shop lacking an interactive custom gift tin builder and modern mobile checkout,IG: @dancingdeergour / FB: Dancing Deer Gourmet Snacks,General Inquiries | customerservice@dancingdeer.com,Frank Carpenito (CEO),"your scratch-baked snack cakes and artisan nut gift boxes deserve a modern, high-speed Next.js storefront.",High
334,Zingerman's Mail Order,USA,"Ann Arbor, MI","https://maps.google.com/?q=Zingerman's+Mail+Order+Ann+Arbor,+MI",Traditional web shop lacking an interactive custom gift tin builder and modern mobile checkout,IG: @zingermansmailo / FB: Zingerman's Mail Order,General Inquiries | service@zingermans.com,Mo Frechette (Managing Partner),your artisanal roasted nuts and estate dried fruits would convert higher with our turnkey luxury e-commerce platform.,High
335,Hickory Farms,USA,"Chicago, IL","https://maps.google.com/?q=Hickory+Farms+Chicago,+IL",Traditional web shop lacking an interactive custom gift tin builder and modern mobile checkout,IG: @hickoryfarms / FB: Hickory Farms,General Inquiries | service@hickoryfarms.com,Judy Ransford (CEO),your specialty nut samplers and dried fruit gift boxes would benefit from our interactive corporate gifting configurator.,High
336,Swiss Colony,USA,"Monroe, WI","https://maps.google.com/?q=Swiss+Colony+Monroe,+WI",Traditional web shop lacking an interactive custom gift tin builder and modern mobile checkout,IG: @swisscolony / FB: Swiss Colony,General Inquiries | service@swisscolony.com,Pat Ryan (President),your heritage holiday nut tins and dried fruit confections would see higher mobile conversions on a modern Next.js store.,High
337,Figis Gourmet Gifts,USA,"Marshfield, WI","https://maps.google.com/?q=Figis+Gourmet+Gifts+Marshfield,+WI",Traditional web shop lacking an interactive custom gift tin builder and modern mobile checkout,IG: @figisgourmetgif / FB: Figis Gourmet Gifts,General Inquiries | service@figis.com,Customer Care Team,your Wisconsin nut tins and dried fruit assortments would benefit from an automated corporate gift portal.,High
338,Wisconsin Cheese & Nut Mart,USA,"Milwaukee, WI","https://maps.google.com/?q=Wisconsin+Cheese+&+Nut+Mart+Milwaukee,+WI",Traditional web shop lacking an interactive custom gift tin builder and modern mobile checkout,IG: @wisconsincheese / FB: Wisconsin Cheese & Nut Mart,General Inquiries | info@wisconsincheesemart.com,Ken McNulty (President),your artisanal cheese and roasted nut pairing baskets would see higher average order values with custom gift box composers.,High
339,Wholesale Nuts And Dried Fruit,USA,"Clifton, NJ","https://maps.google.com/?q=Wholesale+Nuts+And+Dried+Fruit+Clifton,+NJ",Traditional web shop lacking an interactive custom gift tin builder and modern mobile checkout,IG: @wholesalenutsan / FB: Wholesale Nuts And Dried Fruit,General Inquiries | info@wholesalenutsanddriedfruit.com,David Mizrahi (Founder),your bulk dried fruit and nut selections would benefit from our turnkey high-converting e-commerce cart.,High
340,Inka Crops,USA,"Miami, FL","https://maps.google.com/?q=Inka+Crops+Miami,+FL",Traditional web shop lacking an interactive custom gift tin builder and modern mobile checkout,IG: @inkacrops / FB: Inka Crops,General Inquiries | info@inkacrops.com,Ignacio Garaycochea (Director),your giant roasted corn nuts and specialty seed snacks would drive higher direct sales with an interactive snack box builder.,High
341,Justin's Nut Butter & Snacks,USA,"Boulder, CO","https://maps.google.com/?q=Justin's+Nut+Butter+&+Snacks+Boulder,+CO",Traditional web shop lacking an interactive custom gift tin builder and modern mobile checkout,IG: @justinsnutbutte / FB: Justin's Nut Butter & Snacks,General Inquiries | info@justins.com,Justin Gold (Founder),your artisanal almond butter pouches and organic nut cups deserve an elevated digital storefront with subscription repeat orders.,High
342,Artisana Organics Nut Butters,USA,"Oakland, CA","https://maps.google.com/?q=Artisana+Organics+Nut+Butters+Oakland,+CA",Traditional web shop lacking an interactive custom gift tin builder and modern mobile checkout,IG: @artisanaorganic / FB: Artisana Organics Nut Butters,General Inquiries | info@artisanaorganics.com,Lorena Morales (Director),"your raw organic walnut, cashew, and tahini butter jars deserve a clean, modern direct-to-consumer store.",High
343,MaraNatha Foods,USA,"Lake Success, NY","https://maps.google.com/?q=MaraNatha+Foods+Lake+Success,+NY",Traditional web shop lacking an interactive custom gift tin builder and modern mobile checkout,IG: @maranathafoods / FB: MaraNatha Foods,General Inquiries | info@maranathafoods.com,Brand Management,your California roasted almond and creamy peanut butters would drive higher subscriptions on an ultra-fast digital storefront.,High
344,Woodstock Foods,USA,"Providence, RI","https://maps.google.com/?q=Woodstock+Foods+Providence,+RI",Traditional web shop lacking an interactive custom gift tin builder and modern mobile checkout,IG: @woodstockfoods / FB: Woodstock Foods,General Inquiries | info@woodstock-foods.com,Michael Funk (Founder),"your Non-GMO organic dried apricots, walnuts, and pumpkin seeds deserve an ultra-luxurious DTC boutique.",High
345,BulkFoods.com,USA,"Toledo, OH","https://maps.google.com/?q=BulkFoods.com+Toledo,+OH",Traditional web shop lacking an interactive custom gift tin builder and modern mobile checkout,IG: @bulkfoodscom / FB: BulkFoods.com,General Inquiries | info@bulkfoods.com,Brad Miller (General Manager),"your bulk dried fruits, nuts, and trail mixes would convert at higher order values with our turnkey custom mix composer.",High
346,Nuts in Bulk USA,USA,"New Rochelle, NY","https://maps.google.com/?q=Nuts+in+Bulk+USA+New+Rochelle,+NY",Traditional web shop lacking an interactive custom gift tin builder and modern mobile checkout,IG: @nutsinbulkusa / FB: Nuts in Bulk USA,General Inquiries | info@nutsinbulk.com,Mark Klein (President),your wholesale and retail raw nuts would benefit from our turnkey high-converting e-commerce cart.,High
347,Farm Fresh Nuts,USA,"Lakewood, NJ","https://maps.google.com/?q=Farm+Fresh+Nuts+Lakewood,+NJ",Traditional web shop lacking an interactive custom gift tin builder and modern mobile checkout,IG: @farmfreshnuts / FB: Farm Fresh Nuts,General Inquiries | info@farmfreshnuts.com,Solomon Gross (Owner),your hand-selected roasted nuts and dried fruit gift trays would convert higher during holidays with our modern gift box builder.,High
348,We Got Nuts,USA,"Brooklyn, NY","https://maps.google.com/?q=We+Got+Nuts+Brooklyn,+NY",Traditional web shop lacking an interactive custom gift tin builder and modern mobile checkout,IG: @wegotnuts / FB: We Got Nuts,General Inquiries | info@wegotnuts.com,Jack Dweck (Founder),your bulk dried fruits and roasted cashews would see higher average order values with an automated discount engine.,High
349,Jerry's Nut House,USA,"Denver, CO","https://maps.google.com/?q=Jerry's+Nut+House+Denver,+CO",Traditional web shop lacking an interactive custom gift tin builder and modern mobile checkout,IG: @jerrysnuthouse / FB: Jerry's Nut House,General Inquiries | info@jerrysnuthouse.com,Jerry Gross (Founder),"roasting savory nut mixes and dried fruit in Colorado, your store would benefit from our interactive custom tin builder.",High
350,Natursource,Canada,"Saint-Laurent, QC","https://maps.google.com/?q=Natursource+Saint-Laurent,+QC",Traditional web shop lacking an interactive custom gift tin builder and modern mobile checkout,IG: @natursource / FB: Natursource,General Inquiries | info@natursource.com,Garry Oberfield (CEO),"your premium salad toppers, tamari roasted almonds, and gourmet nut mixes would convert higher with custom snack subscriptions.",High
351,Organic Fair,Canada,"Cobble Hill, BC","https://maps.google.com/?q=Organic+Fair+Cobble+Hill,+BC",Traditional web shop lacking an interactive custom gift tin builder and modern mobile checkout,IG: @organicfair / FB: Organic Fair,General Inquiries | info@organicfair.com,Kent Goodwin (Co-Founder),your Vancouver Island organic nut snacks and dried fruit confections would shine on a modern luxury storefront.,High
352,Hornby Organic,Canada,"Hornby Island, BC","https://maps.google.com/?q=Hornby+Organic+Hornby+Island,+BC",Traditional web shop lacking an interactive custom gift tin builder and modern mobile checkout,IG: @hornbyorganic / FB: Hornby Organic,General Inquiries | info@hornbyorganic.com,Cayleigh Anderson (Co-Founder),"your organic seed bars and artisanal nut butter snacks deserve a high-speed, mobile-optimized online store.",High
353,Prana Bio Organic,Canada,"Montreal, QC","https://maps.google.com/?q=Prana+Bio+Organic+Montreal,+QC",Traditional web shop lacking an interactive custom gift tin builder and modern mobile checkout,IG: @pranabioorganic / FB: Prana Bio Organic,General Inquiries | info@pranabio.com,Alon Farber (President),"your organic Chia seeds, dried Turkish figs, and raw almonds would drive stronger repeat orders on a Next.js platform.",High
354,Fruit d'Or Ingredients,Canada,"Plessisville, QC","https://maps.google.com/?q=Fruit+d'Or+Ingredients+Plessisville,+QC",Traditional web shop lacking an interactive custom gift tin builder and modern mobile checkout,IG: @fruitdoringredi / FB: Fruit d'Or Ingredients,General Inquiries | sales@fruitdor.ca,Sales Directorate,your organic Canadian cranberries and wild blueberries would convert higher with our turnkey B2B portal.,High
355,Ritter Courivaud Specialty Foods,UK,"Leicester, UK","https://maps.google.com/?q=Ritter+Courivaud+Specialty+Foods+Leicester,+UK",Traditional web shop lacking an interactive custom gift tin builder and modern mobile checkout,IG: @rittercourivaud / FB: Ritter Courivaud Specialty Foods,General Inquiries | enquiries@rittercourivaud.co.uk,Alain Courivaud (Managing Director),"your fine French dried fruits, pine nuts, and pastry ingredients deserve an automated corporate ordering portal.",High
356,Forest Whole Foods,UK,"Swanage, Dorset","https://maps.google.com/?q=Forest+Whole+Foods+Swanage,+Dorset",Traditional web shop lacking an interactive custom gift tin builder and modern mobile checkout,IG: @forestwholefood / FB: Forest Whole Foods,General Inquiries | hello@forestwholefoods.co.uk,Chloe Phillips (Director),"your 100% certified organic dried mulberries, goji berries, and raw walnuts would convert higher with automated pantry subscriptions.",High
357,Grape Tree Natural Wholefoods,UK,"Kingswinford, UK","https://maps.google.com/?q=Grape+Tree+Natural+Wholefoods+Kingswinford,+UK",Traditional web shop lacking an interactive custom gift tin builder and modern mobile checkout,IG: @grapetreenatura / FB: Grape Tree Natural Wholefoods,General Inquiries | info@grapetree.co.uk,Nick Shutts (Founder),"with over 140 UK stores, your dried fruits and roasting nuts would see higher digital basket values with our custom gift tin builder.",High
358,Buy Whole Foods Online UK,UK,"Minster, Kent","https://maps.google.com/?q=Buy+Whole+Foods+Online+UK+Minster,+Kent",Traditional web shop lacking an interactive custom gift tin builder and modern mobile checkout,IG: @buywholefoodson / FB: Buy Whole Foods Online UK,General Inquiries | enquiries@buywholefoodsonline.co.uk,Arthur Martin (Director),"your vast collection of organic whole nuts, dried fruits, and baking seeds would convert higher with interactive mix composers.",High
359,Clearspring Organic Foods,UK,"London, UK","https://maps.google.com/?q=Clearspring+Organic+Foods+London,+UK",Traditional web shop lacking an interactive custom gift tin builder and modern mobile checkout,IG: @clearspringorga / FB: Clearspring Organic Foods,General Inquiries | info@clearspring.co.uk,Christopher Dawson (Founder),"your Japanese organic seed snacks and dried fruits deserve an ultra-luxurious, minimalist digital boutique.",High
360,Just Natural Organic Foods,UK,"Barnsley, UK","https://maps.google.com/?q=Just+Natural+Organic+Foods+Barnsley,+UK",Traditional web shop lacking an interactive custom gift tin builder and modern mobile checkout,IG: @justnaturalorga / FB: Just Natural Organic Foods,General Inquiries | info@justnatural.co.uk,Mark Armstrong (Director),your pre-packed organic dry fruits and raw nut kernels would benefit from our turnkey consumer e-commerce storefront.,High
361,Hodmedod's British Pulses & Seeds,UK,"Halesworth, Suffolk","https://maps.google.com/?q=Hodmedod's+British+Pulses+&+Seeds+Halesworth,+Suffolk",Traditional web shop lacking an interactive custom gift tin builder and modern mobile checkout,IG: @hodmedodsbritis / FB: Hodmedod's British Pulses & Seeds,General Inquiries | hello@hodmedods.co.uk,Nick Saltmarsh (Co-Founder),"your British-grown roasted fava beans, pumpkin seeds, and specialty grains deserve an elevated, storytelling-rich digital storefront.",High
362,Biona Organic / Windmill Organics,UK,"London, UK","https://maps.google.com/?q=Biona+Organic+/+Windmill+Organics+London,+UK",Traditional web shop lacking an interactive custom gift tin builder and modern mobile checkout,IG: @bionaorganicwin / FB: Biona Organic / Windmill Organics,General Inquiries | info@biona.co.uk,Donata Kingston (Director),"your organic dried mango, medjool dates, and roasted nut spreads would convert higher with our streamlined mobile checkout.",High
363,Tropical Wholefoods,UK,"Sunderland, UK","https://maps.google.com/?q=Tropical+Wholefoods+Sunderland,+UK",Traditional web shop lacking an interactive custom gift tin builder and modern mobile checkout,IG: @tropicalwholefo / FB: Tropical Wholefoods,General Inquiries | info@tropicalwholefoods.com,Adam Brett (Founder),"pioneering fair-trade dried bananas, mangoes, and cashews, your ethical story deserves a modern luxury web presence.",High
364,Sunmark Fine Foods,UK,"Greenford, UK","https://maps.google.com/?q=Sunmark+Fine+Foods+Greenford,+UK",Traditional web shop lacking an interactive custom gift tin builder and modern mobile checkout,IG: @sunmarkfinefood / FB: Sunmark Fine Foods,General Inquiries | info@sunmark.co.uk,Sunny Sharma (Chairman),your international distribution of premium dry fruits and roasted snacks would benefit from our automated corporate wholesale portal.,High
365,Artisan Hamper Company,UK,"Cotswolds, UK","https://maps.google.com/?q=Artisan+Hamper+Company+Cotswolds,+UK",Traditional web shop lacking an interactive custom gift tin builder and modern mobile checkout,IG: @artisanhamperco / FB: Artisan Hamper Company,General Inquiries | info@artisanhampers.co.uk,James Montgomery (Owner),your luxury Cotswolds food hampers and roasted nut selections deserve an interactive custom hamper configurator.,High
366,Highland Fayre Gourmet Gifts,UK,"Perth, Scotland","https://maps.google.com/?q=Highland+Fayre+Gourmet+Gifts+Perth,+Scotland",Traditional web shop lacking an interactive custom gift tin builder and modern mobile checkout,IG: @highlandfayrego / FB: Highland Fayre Gourmet Gifts,General Inquiries | sales@highlandfayre.co.uk,Kerri Ferguson (Director),Scotland's leading hamper company would achieve higher corporate gifting conversion with our interactive custom box composer.,High
367,Spicers of Hythe Hampers,UK,"Hythe, Kent","https://maps.google.com/?q=Spicers+of+Hythe+Hampers+Hythe,+Kent",Traditional web shop lacking an interactive custom gift tin builder and modern mobile checkout,IG: @spicersofhytheh / FB: Spicers of Hythe Hampers,General Inquiries | info@spicersofhythe.co.uk,Percy Spicer (Director),"curating luxury food hampers since 1926, your artisanal dry fruit and nut gifts deserve an ultra-modern digital storefront.",High
368,Virginia Hayward The Hamper Company,UK,"Shaftesbury, Dorset","https://maps.google.com/?q=Virginia+Hayward+The+Hamper+Company+Shaftesbury,+Dorset",Traditional web shop lacking an interactive custom gift tin builder and modern mobile checkout,IG: @virginiahayward / FB: Virginia Hayward The Hamper Company,General Inquiries | sales@virginiahayward.com,Sam Hayward (Managing Director),your premium holiday hampers and roasted nut selections would benefit from our multi-address corporate checkout portal.,High
369,Dukeshill Luxury Hampers,UK,"Telford, Shropshire","https://maps.google.com/?q=Dukeshill+Luxury+Hampers+Telford,+Shropshire",Traditional web shop lacking an interactive custom gift tin builder and modern mobile checkout,IG: @dukeshillluxury / FB: Dukeshill Luxury Hampers,General Inquiries | enquiries@dukeshill.co.uk,Mark Duske (Managing Director),"Royal Warrant holder for artisan meats and gourmet nut gifts, your luxury online presentation deserves a high-speed Next.js storefront.",High
370,Daylesford Organic Farm,UK,"Kingham, Gloucestershire","https://maps.google.com/?q=Daylesford+Organic+Farm+Kingham,+Gloucestershire",Traditional web shop lacking an interactive custom gift tin builder and modern mobile checkout,IG: @daylesfordorgan / FB: Daylesford Organic Farm,General Inquiries | guest.services@daylesford.com,Carole Bamford (Founder),"your organic seed mixes, roasted nuts, and dried orchard fruits deserve an ultra-luxurious e-commerce showcase.",High
371,Cartwright & Butler,UK,"Gilberdyke, East Yorkshire","https://maps.google.com/?q=Cartwright+&+Butler+Gilberdyke,+East+Yorkshire",Traditional web shop lacking an interactive custom gift tin builder and modern mobile checkout,IG: @cartwrightbutle / FB: Cartwright & Butler,General Inquiries | info@cartwrightandbutler.co.uk,Tony Arnett (Director),your iconic embossed tin gift boxes and salted caramel nuts would see higher conversion with custom gift box composers.,High
372,Lunya Catalan Deli & Nuts,UK,"Liverpool, UK","https://maps.google.com/?q=Lunya+Catalan+Deli+&+Nuts+Liverpool,+UK",Traditional web shop lacking an interactive custom gift tin builder and modern mobile checkout,IG: @lunyacatalandel / FB: Lunya Catalan Deli & Nuts,General Inquiries | info@lunya.co.uk,Peter Kinsella (Co-Founder),your artisan Spanish Marcona almonds and Catalan dried figs would convert at a premium with our luxury digital storefront.,High
373,Brindisa Spanish Gourmet Nuts,UK,"Borough Market, London","https://maps.google.com/?q=Brindisa+Spanish+Gourmet+Nuts+Borough+Market,+London",Traditional web shop lacking an interactive custom gift tin builder and modern mobile checkout,IG: @brindisaspanish / FB: Brindisa Spanish Gourmet Nuts,General Inquiries | homedelivery@brindisa.com,Monika Linton (Founder),"your salted Marcona almonds, toasted hazelnuts, and dried persimmons deserve an ultra-luxurious direct-to-consumer store.",High
374,Mevalia Gourmet Foods,UK,"Birmingham, UK","https://maps.google.com/?q=Mevalia+Gourmet+Foods+Birmingham,+UK",Traditional web shop lacking an interactive custom gift tin builder and modern mobile checkout,IG: @mevaliagourmetf / FB: Mevalia Gourmet Foods,General Inquiries | info@mevalia.co.uk,Paul Richardson (Director),your specialty diet dried fruits and seed crackers would drive higher recurring subscriptions on a modern Next.js platform.,High
375,Planet Organic UK,UK,"London, UK","https://maps.google.com/?q=Planet+Organic+UK+London,+UK",Traditional web shop lacking an interactive custom gift tin builder and modern mobile checkout,IG: @planetorganicuk / FB: Planet Organic UK,General Inquiries | info@planetorganic.com,Renée Elliott (Founder),the UK's first organic supermarket could capture higher margins on raw bulk nuts and dried fruits with our turnkey subscription portal.,High
376,Whole Foods Market UK,UK,"Kensington, London","https://maps.google.com/?q=Whole+Foods+Market+UK+Kensington,+London",Traditional web shop lacking an interactive custom gift tin builder and modern mobile checkout,IG: @wholefoodsmarke / FB: Whole Foods Market UK,General Inquiries | uk.customerservice@wholefoods.com,UK Executive Team,your flagship Kensington store draws gourmet shoppers; our interactive custom gift box builder would supercharge corporate orders.,High
377,Neal's Yard Remedies Superfoods,UK,"Covent Garden, London","https://maps.google.com/?q=Neal's+Yard+Remedies+Superfoods+Covent+Garden,+London",Traditional web shop lacking an interactive custom gift tin builder and modern mobile checkout,IG: @nealsyardremedi / FB: Neal's Yard Remedies Superfoods,General Inquiries | advice@nealsyardremedies.com,Anabel Kindersley (Co-Owner),"your organic pumpkin seeds, flax seeds, and functional dried berries deserve a modern, high-converting digital storefront.",High
378,Pukka Herbs Functional Seeds,UK,"Keynsham, Bristol","https://maps.google.com/?q=Pukka+Herbs+Functional+Seeds+Keynsham,+Bristol",Traditional web shop lacking an interactive custom gift tin builder and modern mobile checkout,IG: @pukkaherbsfunct / FB: Pukka Herbs Functional Seeds,General Inquiries | info@pukkaherbs.com,Sebastian Pole (Co-Founder),your organic wellness blends and seed preparations would benefit from an automated monthly recurring subscription engine.,High
379,Bumbles Gourmet Hampers,UK,"Dundee, Scotland","https://maps.google.com/?q=Bumbles+Gourmet+Hampers+Dundee,+Scotland",Traditional web shop lacking an interactive custom gift tin builder and modern mobile checkout,IG: @bumblesgourmeth / FB: Bumbles Gourmet Hampers,General Inquiries | info@bumblesonline.co.uk,David Stewart (Owner),your Scottish artisan food hampers and dried berry selections would achieve higher corporate sales with our custom box builder.,High
380,Ballycross Apple Farm & Dried Fruit,Ireland,"Bridgetown, Wexford","https://maps.google.com/?q=Ballycross+Apple+Farm+&+Dried+Fruit+Bridgetown,+Wexford",Traditional web shop lacking an interactive custom gift tin builder and modern mobile checkout,IG: @ballycrossapple / FB: Ballycross Apple Farm & Dried Fruit,General Inquiries | info@ballycross.com,Arnold Von Engelbrechten (Owner),your orchard dried fruits and artisanal farm juices deserve an elevated digital storefront with nationwide shipping.,High
381,The Scullery Gourmet Hampers,Ireland,"Nenagh, Tipperary","https://maps.google.com/?q=The+Scullery+Gourmet+Hampers+Nenagh,+Tipperary",Traditional web shop lacking an interactive custom gift tin builder and modern mobile checkout,IG: @thescullerygour / FB: The Scullery Gourmet Hampers,General Inquiries | info@thescullery.ie,Florrie Purcell (Founder),"your handmade Irish preserves, spiced nuts, and holiday hampers would convert higher with an automated gift customizer.",High
382,Sheridans Cheesemongers & Nut Hampers,Ireland,"Kells, Meath","https://maps.google.com/?q=Sheridans+Cheesemongers+&+Nut+Hampers+Kells,+Meath",Traditional web shop lacking an interactive custom gift tin builder and modern mobile checkout,IG: @sheridanscheese / FB: Sheridans Cheesemongers & Nut Hampers,General Inquiries | info@sheridanscheesemongers.com,Kevin Sheridan (Co-Founder),Ireland's premier cheesemongers would see higher festive cart values with an interactive dried fruit and nut pairing configurator.,High
383,Alnatura Bio,Germany,"Darmstadt, Germany","https://maps.google.com/?q=Alnatura+Bio+Darmstadt,+Germany",Traditional web shop lacking an interactive custom gift tin builder and modern mobile checkout,IG: @alnaturabio / FB: Alnatura Bio,General Inquiries | kontakt@alnatura.de,Götz Rehn (Founder),"your organic Medjool dates, dried cranberries, and nut mixes deserve an ultra-luxurious DTC storefront.",High
384,dmBio Snacks & Nuts,Germany,"Karlsruhe, Germany","https://maps.google.com/?q=dmBio+Snacks+&+Nuts+Karlsruhe,+Germany",Traditional web shop lacking an interactive custom gift tin builder and modern mobile checkout,IG: @dmbiosnacksnuts / FB: dmBio Snacks & Nuts,General Inquiries | servicecenter@dm.de,Christoph Werner (CEO),your organic snack seeds and dried fruit selections would convert higher with an automated gift box builder.,High
385,Byodo Naturkost,Germany,"Mühldorf, Germany","https://maps.google.com/?q=Byodo+Naturkost+Mühldorf,+Germany",Traditional web shop lacking an interactive custom gift tin builder and modern mobile checkout,IG: @byodonaturkost / FB: Byodo Naturkost,General Inquiries | info@byodo.de,Michael Moßbacher (Founder),"your 100% organic snack wafers, seeds, and oils deserve an elevated direct-to-consumer store.",High
386,Dr. Goerg Premium Coconut & Nuts,Germany,"Montabaur, Germany","https://maps.google.com/?q=Dr.+Goerg+Premium+Coconut+&+Nuts+Montabaur,+Germany",Traditional web shop lacking an interactive custom gift tin builder and modern mobile checkout,IG: @drgoergpremiumc / FB: Dr. Goerg Premium Coconut & Nuts,General Inquiries | info@drgoerg.com,Manfred Görg (Founder),your organic raw coconut flakes and roasted snack treats would drive higher subscriptions on an ultra-fast store.,High
387,Govinda Natur,Germany,"Neustadt, Germany","https://maps.google.com/?q=Govinda+Natur+Neustadt,+Germany",Traditional web shop lacking an interactive custom gift tin builder and modern mobile checkout,IG: @govindanatur / FB: Govinda Natur,General Inquiries | info@govinda-natur.de,Doris Maiwald (Founder),"your sun-dried fruit balls, organic tiger nuts, and raw seeds deserve a modern, high-converting digital storefront.",High
388,Arche Naturküche,Germany,"Hilden, Germany","https://maps.google.com/?q=Arche+Naturküche+Hilden,+Germany",Traditional web shop lacking an interactive custom gift tin builder and modern mobile checkout,IG: @archenaturkche / FB: Arche Naturküche,General Inquiries | info@arche-naturkueche.de,Stefan Hipp (Managing Director),your organic macrobiotic dried fruits and specialty seeds would shine on our turnkey luxury storefront.,High
389,Bohlsener Mühle,Germany,"Bohlsen, Germany","https://maps.google.com/?q=Bohlsener+Mühle+Bohlsen,+Germany",Traditional web shop lacking an interactive custom gift tin builder and modern mobile checkout,IG: @bohlsenermhle / FB: Bohlsener Mühle,General Inquiries | info@bohlsener-muehle.de,Mathias Krause (Managing Director),your organic ancient grain and dried fruit snack biscuits would see higher conversion with custom gift bundling.,High
390,Zotter Schokolade & Nüsse,Austria,"Riegersburg, Austria","https://maps.google.com/?q=Zotter+Schokolade+&+Nüsse+Riegersburg,+Austria",Traditional web shop lacking an interactive custom gift tin builder and modern mobile checkout,IG: @zotterschokolad / FB: Zotter Schokolade & Nüsse,General Inquiries | schokolade@zotter.at,Josef Zotter (Founder),your hand-scooped chocolate-coated nuts and dried fruit confectionery deserve an editorial luxury e-commerce experience.,High
391,Bio Zentrale,Germany,"Ulfen, Germany","https://maps.google.com/?q=Bio+Zentrale+Ulfen,+Germany",Traditional web shop lacking an interactive custom gift tin builder and modern mobile checkout,IG: @biozentrale / FB: Bio Zentrale,General Inquiries | info@biozentrale.de,Dirk Woywod (Managing Director),"your organic dried apricots, walnuts, and snack mixes would benefit from our turnkey B2B and DTC ordering portal.",High
392,Allos Hof-Manufaktur,Germany,"Bremen, Germany","https://maps.google.com/?q=Allos+Hof-Manufaktur+Bremen,+Germany",Traditional web shop lacking an interactive custom gift tin builder and modern mobile checkout,IG: @alloshofmanufak / FB: Allos Hof-Manufaktur,General Inquiries | info@allos.de,Evert Vermeer (Managing Director),"your organic Amaranth seed bars, dried fruit bars, and nut spreads deserve a clean, modern digital boutique.",High
393,Sonnentor Kräuter & Früchte,Austria,"Zwettl, Austria","https://maps.google.com/?q=Sonnentor+Kräuter+&+Früchte+Zwettl,+Austria",Traditional web shop lacking an interactive custom gift tin builder and modern mobile checkout,IG: @sonnentorkruter / FB: Sonnentor Kräuter & Früchte,General Inquiries | office@sonnentor.at,Johannes Gutmann (Founder),"your organic dried fruit teas, crunchy snack berries, and seeds deserve an ultra-luxurious e-commerce showcase.",High
394,Vivani Bio Schokolade & Nüsse,Germany,"Herford, Germany","https://maps.google.com/?q=Vivani+Bio+Schokolade+&+Nüsse+Herford,+Germany",Traditional web shop lacking an interactive custom gift tin builder and modern mobile checkout,IG: @vivanibioschoko / FB: Vivani Bio Schokolade & Nüsse,General Inquiries | info@vivani.de,Gerrit Wesselink (Managing Director),your organic dark chocolate roasted almonds and dried fruit bars would convert higher with custom gift packaging.,High
395,Davert Bio,Germany,"Ascheberg, Germany","https://maps.google.com/?q=Davert+Bio+Ascheberg,+Germany",Traditional web shop lacking an interactive custom gift tin builder and modern mobile checkout,IG: @davertbio / FB: Davert Bio,General Inquiries | info@davert.de,Erk Schuchhardt (Managing Director),"your organic superfood chia seeds, goji berries, and roasted nuts would achieve higher retention with automated monthly pantry replenishment.",High
396,Venchi 1878,Italy,"Castelletto Stura, Cuneo","https://maps.google.com/?q=Venchi+1878+Castelletto+Stura,+Cuneo",Traditional web shop lacking an interactive custom gift tin builder and modern mobile checkout,IG: @venchi1878 / FB: Venchi 1878,General Inquiries | customercare@venchi.com,Daniele Ferrero (CEO),"your world-famous Chocoviar, Piedmont hazelnut nougat, and pistachio gift tins deserve a high-speed Next.js digital boutique.",High
397,Domori Fine Cacao & Nuts,Italy,"None, Turin, Italy","https://maps.google.com/?q=Domori+Fine+Cacao+&+Nuts+None,+Turin,+Italy",Traditional web shop lacking an interactive custom gift tin builder and modern mobile checkout,IG: @domorifinecacao / FB: Domori Fine Cacao & Nuts,General Inquiries | info@domori.com,Andrea Macchione (CEO),your single-origin chocolates with Bronte pistachios and Piedmont hazelnuts deserve an editorial luxury storefront.,High
398,Guido Gobino Artisanal Hazelnuts,Italy,"Turin, Italy","https://maps.google.com/?q=Guido+Gobino+Artisanal+Hazelnuts+Turin,+Italy",Traditional web shop lacking an interactive custom gift tin builder and modern mobile checkout,IG: @guidogobinoarti / FB: Guido Gobino Artisanal Hazelnuts,General Inquiries | info@guidogobino.it,Guido Gobino (Founder),your Turin Giandujotto and sea-salt roasted Piedmont hazelnut treats would convert higher with an interactive custom tin builder.,High
399,Caffarel Piemonte Hazelnuts,Italy,"Luserna San Giovanni, Italy","https://maps.google.com/?q=Caffarel+Piemonte+Hazelnuts+Luserna+San+Giovanni,+Italy",Traditional web shop lacking an interactive custom gift tin builder and modern mobile checkout,IG: @caffarelpiemont / FB: Caffarel Piemonte Hazelnuts,General Inquiries | info@caffarel.com,Benedetto Vigna (Director),"inventor of Gianduja using IGP Piedmont Hazelnuts, your heritage deserves a high-converting digital storefront.",High
400,Pastiglie Leone 1857,Italy,"Collegno, Turin, Italy","https://maps.google.com/?q=Pastiglie+Leone+1857+Collegno,+Turin,+Italy",Traditional web shop lacking an interactive custom gift tin builder and modern mobile checkout,IG: @pastiglieleone1 / FB: Pastiglie Leone 1857,General Inquiries | info@pastiglieleone.com,Michela Petronio (President),your vintage-designed tin boxes with chocolate-coated nuts and dried fruit pastilles would excel with custom gift box composers.,High
401,Bodrato Cioccolato,Italy,"Capriata d'Orba, Italy","https://maps.google.com/?q=Bodrato+Cioccolato+Capriata+d'Orba,+Italy",Traditional web shop lacking an interactive custom gift tin builder and modern mobile checkout,IG: @bodratocioccola / FB: Bodrato Cioccolato,General Inquiries | info@bodratocioccolato.it,Fabio Bergaglio (Owner),your hand-dipped Piedmont hazelnuts and boeri cherry chocolates deserve an ultra-luxurious direct-to-consumer store.,High
402,Giraudi Cioccolato Artigianale,Italy,"Castellazzo Bormida, Italy","https://maps.google.com/?q=Giraudi+Cioccolato+Artigianale+Castellazzo+Bormida,+Italy",Traditional web shop lacking an interactive custom gift tin builder and modern mobile checkout,IG: @giraudicioccola / FB: Giraudi Cioccolato Artigianale,General Inquiries | info@giraudi.it,Giacomo Boidi (Master Chocolatier),your hand-crafted hazelnut spreads and roasted almond dragées would thrive on our high-converting luxury storefront.,High
403,Torrons Vicens,Spain,"Agramunt, Lleida, Spain","https://maps.google.com/?q=Torrons+Vicens+Agramunt,+Lleida,+Spain",Traditional web shop lacking an interactive custom gift tin builder and modern mobile checkout,IG: @torronsvicens / FB: Torrons Vicens,General Inquiries | info@vicens.com,Ángel Velasco (Owner),"crafting artisanal Marcona almond turrón since 1775, your festive hampers would see higher average order values with custom tin builders.",High
404,El Almendro,Spain,"Madrid, Spain","https://maps.google.com/?q=El+Almendro+Madrid,+Spain",Traditional web shop lacking an interactive custom gift tin builder and modern mobile checkout,IG: @elalmendro / FB: El Almendro,General Inquiries | info@elalmendro.com,María Sánchez (Brand Director),"synonymous with Spanish holiday almonds, an interactive custom gift tin builder would supercharge international corporate gifting.",High
405,Turrones Picó,Spain,"Jijona, Alicante, Spain","https://maps.google.com/?q=Turrones+Picó+Jijona,+Alicante,+Spain",Traditional web shop lacking an interactive custom gift tin builder and modern mobile checkout,IG: @turronespic / FB: Turrones Picó,General Inquiries | pico@turronpico.com,Antonio Picó (Managing Director),your handcrafted Jijona and Alicante Marcona almond turrón would convert higher with express one-click international checkout.,High
406,Casa Mira Turrones,Madrid,"Madrid, Spain","https://maps.google.com/?q=Casa+Mira+Turrones+Madrid,+Spain",Traditional web shop lacking an interactive custom gift tin builder and modern mobile checkout,IG: @casamiraturrone / FB: Casa Mira Turrones,General Inquiries | info@casamira.es,Carlos Méndez (Owner),Madrid's oldest artisan turrón maker (est. 1842) deserves a museum-grade digital boutique with year-round gourmet gifting options.,High
407,Frutos Secos Medina,Spain,"Móstoles, Madrid, Spain","https://maps.google.com/?q=Frutos+Secos+Medina+Móstoles,+Madrid,+Spain",Traditional web shop lacking an interactive custom gift tin builder and modern mobile checkout,IG: @frutossecosmedi / FB: Frutos Secos Medina,General Inquiries | info@frutossecosmedina.com,Antonio Medina (CEO),"your raw and roasted nuts, dried fruits, and organic seeds would capture higher retail margins with our turnkey direct cart.",High
408,Finca La Rosala,Spain,"Calzada de Calatrava, Spain","https://maps.google.com/?q=Finca+La+Rosala+Calzada+de+Calatrava,+Spain",Traditional web shop lacking an interactive custom gift tin builder and modern mobile checkout,IG: @fincalarosala / FB: Finca La Rosala,General Inquiries | info@fincalarosala.com,Pedro Ciudad (Founder),"your wood-roasted artisanal nuts with truffle, rosemary, and lime would convert at a premium with customized gift boxes.",High
409,Maison Cruzilles,France,"Clermont-Ferrand, France","https://maps.google.com/?q=Maison+Cruzilles+Clermont-Ferrand,+France",Traditional web shop lacking an interactive custom gift tin builder and modern mobile checkout,IG: @maisoncruzilles / FB: Maison Cruzilles,General Inquiries | info@cruzilles.fr,Jean-Marie Cruzilles (President),"master confiseur of glazed fruits, citrus peels, and fruit pastes since 1880, your online store would thrive on our luxury platform.",High
410,Lilamand Confiseur,France,"Saint-Rémy-de-Provence, France","https://maps.google.com/?q=Lilamand+Confiseur+Saint-Rémy-de-Provence,+France",Traditional web shop lacking an interactive custom gift tin builder and modern mobile checkout,IG: @lilamandconfise / FB: Lilamand Confiseur,General Inquiries | info@lilamand.com,Pierre Lilamand (5th Gen Owner),"your five generations of candied melons, figs, and Provencal fruit delicacies deserve an ultra-luxurious digital boutique.",High
411,Maison du Pruneau,France,"Lafitte-sur-Lot, France","https://maps.google.com/?q=Maison+du+Pruneau+Lafitte-sur-Lot,+France",Traditional web shop lacking an interactive custom gift tin builder and modern mobile checkout,IG: @maisondupruneau / FB: Maison du Pruneau,General Inquiries | contact@maisondupruneau.com,Patrick Vigneau (Owner),your hand-selected Agen prunes stuffed with prune cream and coated in dark chocolate would achieve higher orders with custom hampers.,High
412,Lou Prunel Bio,France,"Sainte-Livrade-sur-Lot, France","https://maps.google.com/?q=Lou+Prunel+Bio+Sainte-Livrade-sur-Lot,+France",Traditional web shop lacking an interactive custom gift tin builder and modern mobile checkout,IG: @louprunelbio / FB: Lou Prunel Bio,General Inquiries | contact@louprunel.com,Thierry Herbeaux (Director),"your 100% organic IGP Agen dried prunes and fruit compotes deserve a modern, high-speed French and English digital storefront.",High
413,Askada Farm Organic Kimi Figs,Greece,"Kimi, Evia, Greece","https://maps.google.com/?q=Askada+Farm+Organic+Kimi+Figs+Kimi,+Evia,+Greece",Traditional web shop lacking an interactive custom gift tin builder and modern mobile checkout,IG: @askadafarmorgan / FB: Askada Farm Organic Kimi Figs,General Inquiries | info@askada.gr,Stathis Papanastasiou (Founder),"your PDO sun-dried organic Kimi figs and fig spreads deserve an editorial, Greek-island-inspired luxury web store.",High
414,Chocodate by Notions Group,UAE,"Dubai, UAE","https://maps.google.com/?q=Chocodate+by+Notions+Group+Dubai,+UAE",Traditional web shop lacking an interactive custom gift tin builder and modern mobile checkout,IG: @chocodatebynoti / FB: Chocodate by Notions Group,General Inquiries | info@notionsgroup.com,Fawaz Masri (CEO),the original Arabian date stuffed with golden almond and draped in European chocolate deserves an ultra-luxurious e-commerce showcase.,High
415,Hunter Foods Gourmet Snacks,UAE,"JAFZA, Dubai, UAE","https://maps.google.com/?q=Hunter+Foods+Gourmet+Snacks+JAFZA,+Dubai,+UAE",Traditional web shop lacking an interactive custom gift tin builder and modern mobile checkout,IG: @hunterfoodsgour / FB: Hunter Foods Gourmet Snacks,General Inquiries | info@hunterfoods.com,Ananya Narayan (Managing Director),your hand-cooked superfood seed snacks and roasted nut pouches would see higher conversion with automated subscription delivery.,High
416,Al Douri Food Industries,UAE,"Sharjah, UAE","https://maps.google.com/?q=Al+Douri+Food+Industries+Sharjah,+UAE",Traditional web shop lacking an interactive custom gift tin builder and modern mobile checkout,IG: @aldourifoodindu / FB: Al Douri Food Industries,General Inquiries | info@aldouri.com,Ziad Al-Douri (Chairman),"your premium roasted nuts, Syrian dried fruits, and festive gifting baskets deserve a high-speed, modern Next.js store.",High
417,House of Pops Healthy Snacks,UAE,"Dubai, UAE","https://maps.google.com/?q=House+of+Pops+Healthy+Snacks+Dubai,+UAE",Traditional web shop lacking an interactive custom gift tin builder and modern mobile checkout,IG: @houseofpopsheal / FB: House of Pops Healthy Snacks,General Inquiries | info@houseofpops.ae,Mazen Kanaan (Co-Founder),"your 100% natural, fruit & nut plant-based snacking line would achieve higher customer retention with automated recurring subscriptions.",High
418,Munchbox Healthy Snacks,UAE,"Dubai, UAE","https://maps.google.com/?q=Munchbox+Healthy+Snacks+Dubai,+UAE",Traditional web shop lacking an interactive custom gift tin builder and modern mobile checkout,IG: @munchboxhealthy / FB: Munchbox Healthy Snacks,General Inquiries | info@munchbox.ae,Mahmoud Adham (Founder),your roasted nut snack packs and dried berries would drive higher corporate pantry orders with our turnkey multi-user ordering portal.,High
419,Freakin' Healthy,UAE,"Dubai, UAE","https://maps.google.com/?q=Freakin'+Healthy+Dubai,+UAE",Traditional web shop lacking an interactive custom gift tin builder and modern mobile checkout,IG: @freakinhealthy / FB: Freakin' Healthy,General Inquiries | info@freakinhealthy.com,Roy Koyess (Founder),"your clean-label raw nut bars, almond butter bites, and dried fruit snacks deserve an elevated, instant-checkout digital storefront.",High
420,Royal Roastery Jordan,Jordan,"Amman, Jordan","https://maps.google.com/?q=Royal+Roastery+Jordan+Amman,+Jordan",Traditional web shop lacking an interactive custom gift tin builder and modern mobile checkout,IG: @royalroasteryjo / FB: Royal Roastery Jordan,General Inquiries | info@royalroastery.com,Hani Al-Qawasmi (General Manager),"your freshly roasted Jordanian nuts, salted pistachios, and dried figs deserve an ultra-luxurious digital boutique with international checkout.",High
421,Al Ameed Roasted Nuts,Jordan,"Amman, Jordan","https://maps.google.com/?q=Al+Ameed+Roasted+Nuts+Amman,+Jordan",Traditional web shop lacking an interactive custom gift tin builder and modern mobile checkout,IG: @alameedroastedn / FB: Al Ameed Roasted Nuts,General Inquiries | info@alameedcoffee.com,Basel Al-Dahleh (Managing Director),your premium roasted nuts and artisan blends would see higher international sales with our turnkey multilingual e-commerce store.,High
422,Abu Auf Gourmet Nuts & Fruits,Egypt,"Cairo, Egypt","https://maps.google.com/?q=Abu+Auf+Gourmet+Nuts+&+Fruits+Cairo,+Egypt",Traditional web shop lacking an interactive custom gift tin builder and modern mobile checkout,IG: @abuaufgourmetnu / FB: Abu Auf Gourmet Nuts & Fruits,General Inquiries | customercare@abu-auf.com,Ahmed Auf (CEO),Egypt's premier healthy food and gourmet nut boutique chain would achieve higher online reach with custom corporate gift tin builders.,High
423,Linah Farms Organic Dates,Egypt,"Bahariya Oasis, Egypt","https://maps.google.com/?q=Linah+Farms+Organic+Dates+Bahariya+Oasis,+Egypt",Traditional web shop lacking an interactive custom gift tin builder and modern mobile checkout,IG: @linahfarmsorgan / FB: Linah Farms Organic Dates,General Inquiries | info@linahfarms.com,Amr Radwan (Managing Director),your organic Bahariya Oasis Medjool dates would command higher margins with our turnkey direct-to-consumer luxury store.,High
424,Barari Organic Dates & Nuts,UAE,"Sharjah, UAE","https://maps.google.com/?q=Barari+Organic+Dates+&+Nuts+Sharjah,+UAE",Traditional web shop lacking an interactive custom gift tin builder and modern mobile checkout,IG: @barariorganicda / FB: Barari Organic Dates & Nuts,General Inquiries | info@bararigroup.com,Seyed Mohammad (Director),"your extensive distribution of Persian saffron, Iranian pistachios, and Medjool dates would benefit from our automated corporate gifting builder.",High
425,Torere Macadamias NZ,New Zealand,"Opotiki, Bay of Plenty","https://maps.google.com/?q=Torere+Macadamias+NZ+Opotiki,+Bay+of+Plenty",Traditional web shop lacking an interactive custom gift tin builder and modern mobile checkout,IG: @toreremacadamia / FB: Torere Macadamias NZ,General Inquiries | info@toreremacadamias.co.nz,Vanessa Hayes (Founder),"your organically certified, New Zealand-grown macadamias and roasted nut oils deserve an ultra-luxurious digital boutique.",High
426,Mother Earth New Zealand,New Zealand,"Auckland, New Zealand","https://maps.google.com/?q=Mother+Earth+New+Zealand+Auckland,+New+Zealand",Traditional web shop lacking an interactive custom gift tin builder and modern mobile checkout,IG: @motherearthnewz / FB: Mother Earth New Zealand,General Inquiries | info@motherearth.co.nz,Mike Cullen (Managing Director),"your roasted whole nuts, peanut butters, and dried fruit trail mixes would thrive on our high-speed Next.js digital storefront.",High
427,Tasti Products,New Zealand,"Te Atatu Peninsula, Auckland","https://maps.google.com/?q=Tasti+Products+Te+Atatu+Peninsula,+Auckland",Traditional web shop lacking an interactive custom gift tin builder and modern mobile checkout,IG: @tastiproducts / FB: Tasti Products,General Inquiries | info@tasti.co.nz,Simon Hall (Executive Chairman),"crafting nut bars and dried fruit snacks since 1932, your DTC consumer store would convert higher with automated snack subscriptions.",High
428,Healtheries Superfood Seeds,New Zealand,"Auckland, New Zealand","https://maps.google.com/?q=Healtheries+Superfood+Seeds+Auckland,+New+Zealand",Traditional web shop lacking an interactive custom gift tin builder and modern mobile checkout,IG: @healtheriessupe / FB: Healtheries Superfood Seeds,General Inquiries | info@healtheries.co.nz,Rachel Morrison (Brand Director),"your functional chia seeds, flax seeds, and dried fruit snacks would drive higher recurring consumer revenue with our subscription engine.",High
429,Ceres Organics,New Zealand,"Mount Wellington, Auckland","https://maps.google.com/?q=Ceres+Organics+Mount+Wellington,+Auckland",Traditional web shop lacking an interactive custom gift tin builder and modern mobile checkout,IG: @ceresorganics / FB: Ceres Organics,General Inquiries | info@ceres.co.nz,Noel Josephson (Director),Australasia's first certified organic distributor would see higher DTC margins on raw nuts and dried fruits with our turnkey store.,High
430,Chantal Organics,New Zealand,"Napier, Hawke's Bay","https://maps.google.com/?q=Chantal+Organics+Napier,+Hawke's+Bay",Traditional web shop lacking an interactive custom gift tin builder and modern mobile checkout,IG: @chantalorganics / FB: Chantal Organics,General Inquiries | info@chantalorganics.co.nz,Florian Leuschner (CEO),"your Hawke's Bay organic nut spreads and dried orchard fruits deserve an ultra-luxurious, minimalist digital storefront.",High
431,Kakadu Plum Co,Australia,"Melbourne, VIC","https://maps.google.com/?q=Kakadu+Plum+Co+Melbourne,+VIC",Traditional web shop lacking an interactive custom gift tin builder and modern mobile checkout,IG: @kakaduplumco / FB: Kakadu Plum Co,General Inquiries | hello@kakaduplumco.com,Tali Brash (Founder),"celebrating native Australian wild-harvested Kakadu plums, dried berries, and seeds, your cultural story deserves an editorial luxury storefront.",High
432,Byron Bay Macadamia Muesli,Australia,"Byron Bay, NSW","https://maps.google.com/?q=Byron+Bay+Macadamia+Muesli+Byron+Bay,+NSW",Traditional web shop lacking an interactive custom gift tin builder and modern mobile checkout,IG: @byronbaymacadam / FB: Byron Bay Macadamia Muesli,General Inquiries | info@byronbaymuesli.com.au,Garry Wall (Founder),your handcrafted macadamia nut mueslis and roasted seed clusters would convert higher with our build-a-breakfast box composer.,High
433,Nutty Gritties,India,"New Delhi, India","https://maps.google.com/?q=Nutty+Gritties+New+Delhi,+India",Traditional web shop lacking an interactive custom gift tin builder and modern mobile checkout,IG: @nuttygritties / FB: Nutty Gritties,General Inquiries | care@nuttygritties.com,Dinika Bhatia (Founder),"your artisanal flavored nuts and corporate festive dry fruit gift hampers deserve a high-converting, lightning-fast storefront with instant UPI checkout.",High
434,Open Secret,India,"Mumbai, India","https://maps.google.com/?q=Open+Secret+Mumbai,+India",Traditional web shop lacking an interactive custom gift tin builder and modern mobile checkout,IG: @opensecret / FB: Open Secret,General Inquiries | care@opensecret.in,Ahana Gautam (Co-Founder),your un-junked nut snacks and holiday dry fruit gift boxes would thrive on a custom luxury storefront designed for high conversion.,High
435,Chitale Bandhu Mithai & Dry Fruits,India,"Pune, Maharashtra","https://maps.google.com/?q=Chitale+Bandhu+Mithai+&+Dry+Fruits+Pune,+Maharashtra",Traditional web shop lacking an interactive custom gift tin builder and modern mobile checkout,IG: @chitalebandhumi / FB: Chitale Bandhu Mithai & Dry Fruits,General Inquiries | care@chitalebandhu.in,Indraneel Chitale (Partner),"your iconic Pune confectionery, roasted dry fruits, and festive gift boxes would see higher nationwide reach with custom box builders.",High
436,Eat Anytime Healthy Snacks,India,"Mumbai, Maharashtra","https://maps.google.com/?q=Eat+Anytime+Healthy+Snacks+Mumbai,+Maharashtra",Traditional web shop lacking an interactive custom gift tin builder and modern mobile checkout,IG: @eatanytimehealt / FB: Eat Anytime Healthy Snacks,General Inquiries | support@eatanytime.in,Rishit Sanghvi (Founder),"your energy nut bars, trail mixes, and dried berry pouches would drive higher repeat orders with automated monthly subscriptions.",High
437,Greenbrrew Gourmet Snacks,India,"New Delhi, India","https://maps.google.com/?q=Greenbrrew+Gourmet+Snacks+New+Delhi,+India",Traditional web shop lacking an interactive custom gift tin builder and modern mobile checkout,IG: @greenbrrewgourm / FB: Greenbrrew Gourmet Snacks,General Inquiries | support@greenbrrew.com,Aditya Goel (Founder),your roasted seed mixes and gourmet wellness snacks would achieve higher average order value with custom corporate gift bundles.,High
438,To Be Honest (TBH) Crunch,India,"Noida, Uttar Pradesh","https://maps.google.com/?q=To+Be+Honest+(TBH)+Crunch+Noida,+Uttar+Pradesh",Traditional web shop lacking an interactive custom gift tin builder and modern mobile checkout,IG: @tobehonesttbhcr / FB: To Be Honest (TBH) Crunch,General Inquiries | hello@tobehonest.in,Mayank Gupta (Founder),"your vacuum-cooked dried fruit chips and spiced nuts deserve an ultra-modern, high-speed Next.js storefront.",High
439,The Whole Truth Foods,India,"Mumbai, Maharashtra","https://maps.google.com/?q=The+Whole+Truth+Foods+Mumbai,+Maharashtra",Traditional web shop lacking an interactive custom gift tin builder and modern mobile checkout,IG: @thewholetruthfo / FB: The Whole Truth Foods,General Inquiries | help@thewholetruthfoods.com,Shashank Mehta (Founder),"your 100% clean-label date & nut snack bars and raw nut butters deserve a transparent, high-converting digital storefront.",High
440,Beyond Snack,India,"Kochi, Kerala","https://maps.google.com/?q=Beyond+Snack+Kochi,+Kerala",Traditional web shop lacking an interactive custom gift tin builder and modern mobile checkout,IG: @beyondsnack / FB: Beyond Snack,General Inquiries | support@beyondsnack.in,Manas Madhu (Founder),your gourmet Kerala plantain and roasted nut crisps would drive higher basket sizes on a dedicated modern storefront.,High
441,Raw Pressery Healthy Snacks,India,"Lower Parel, Mumbai","https://maps.google.com/?q=Raw+Pressery+Healthy+Snacks+Lower+Parel,+Mumbai",Traditional web shop lacking an interactive custom gift tin builder and modern mobile checkout,IG: @rawpresseryheal / FB: Raw Pressery Healthy Snacks,General Inquiries | getin@rawpressery.com,Anuj Rakyan (Founder),your cold-pressed nut beverages and organic seed blends deserve an ultra-luxurious direct-to-consumer store.,High
442,Urban Platter Superfoods,India,"Mahim, Mumbai","https://maps.google.com/?q=Urban+Platter+Superfoods+Mahim,+Mumbai",Traditional web shop lacking an interactive custom gift tin builder and modern mobile checkout,IG: @urbanplattersup / FB: Urban Platter Superfoods,General Inquiries | support@urbanplatter.in,Chirag Kenia (Founder),India's leading gourmet ingredients portal would see higher gifting conversion with our interactive custom dry fruit box builder.,High
443,Bikaji Foods International,India,"Bikaner, Rajasthan","https://maps.google.com/?q=Bikaji+Foods+International+Bikaner,+Rajasthan",Traditional web shop lacking an interactive custom gift tin builder and modern mobile checkout,IG: @bikajifoodsinte / FB: Bikaji Foods International,General Inquiries | customercare@bikaji.com,Deepak Agarwal (Managing Director),"Bikaji's royal Rajasthani dry fruit hampers and cashew treats deserve an ultra-fast, modern digital gifting boutique.",High
444,Karachi Bakery Dry Fruits,India,"Hyderabad, Telangana","https://maps.google.com/?q=Karachi+Bakery+Dry+Fruits+Hyderabad,+Telangana",Traditional web shop lacking an interactive custom gift tin builder and modern mobile checkout,IG: @karachibakerydr / FB: Karachi Bakery Dry Fruits,General Inquiries | info@karachibakery.com,Rajesh Ramnani (Partner),"your iconic Hyderabad fruit biscuits, roasted cashew tins, and festive dry fruit boxes deserve an elevated e-commerce store.",High
445,Clif Bar & Company,USA,"Emeryville, CA","https://maps.google.com/?q=Clif+Bar+&+Company+Emeryville,+CA",Traditional web shop lacking an interactive custom gift tin builder and modern mobile checkout,IG: @clifbarcompany / FB: Clif Bar & Company,General Inquiries | info@clifbar.com,Sally Grimes (CEO),"your iconic whole nut and fruit energy bars deserve an elevated, high-converting direct-to-consumer digital storefront.",High
446,KIND Snacks,USA,"New York, NY","https://maps.google.com/?q=KIND+Snacks+New+York,+NY",Traditional web shop lacking an interactive custom gift tin builder and modern mobile checkout,IG: @kindsnacks / FB: KIND Snacks,General Inquiries | customerservice@kindsnacks.com,Daniel Lubetzky (Founder),the pioneer of whole nut & fruit snacking would achieve higher average order values with custom gift packaging modules.,High
447,LÄRABAR Whole Food Snacks,USA,"Minneapolis, MN","https://maps.google.com/?q=LÄRABAR+Whole+Food+Snacks+Minneapolis,+MN",Traditional web shop lacking an interactive custom gift tin builder and modern mobile checkout,IG: @lrabarwholefood / FB: LÄRABAR Whole Food Snacks,General Inquiries | info@larabar.com,Lara Merriken (Founder),your 2-to-9 ingredient real food bars with Medjool dates and whole almonds deserve an ultra-luxurious e-commerce showcase.,High
448,Nature's Bakery,USA,"Reno, NV","https://maps.google.com/?q=Nature's+Bakery+Reno,+NV",Traditional web shop lacking an interactive custom gift tin builder and modern mobile checkout,IG: @naturesbakery / FB: Nature's Bakery,General Inquiries | info@naturesbakery.com,Dave Marson (Founder),your real fruit & whole wheat fig bars and date bars would convert higher with automated recurring household subscriptions.,High
449,RXBAR / Insurgent Brands,USA,"Chicago, IL","https://maps.google.com/?q=RXBAR+/+Insurgent+Brands+Chicago,+IL",Traditional web shop lacking an interactive custom gift tin builder and modern mobile checkout,IG: @rxbarinsurgentb / FB: RXBAR / Insurgent Brands,General Inquiries | info@rxbar.com,Peter Rahal (Co-Founder),"your minimalist egg white, date, and almond bars deserve a high-converting, lightning-fast digital storefront.",High
450,GoMacro,USA,"Viola, WI","https://maps.google.com/?q=GoMacro+Viola,+WI",Traditional web shop lacking an interactive custom gift tin builder and modern mobile checkout,IG: @gomacro / FB: GoMacro,General Inquiries | info@gomacro.com,Jola Sonkin (CEO),"your certified organic, vegan nut butter bars would drive stronger recurring subscriptions on a modern Next.js platform.",High
451,NuGo Nutrition,USA,"Oakmont, PA","https://maps.google.com/?q=NuGo+Nutrition+Oakmont,+PA",Traditional web shop lacking an interactive custom gift tin builder and modern mobile checkout,IG: @nugonutrition / FB: NuGo Nutrition,General Inquiries | info@nugonutrition.com,David Levine (CEO),your real dark chocolate coated almond and cashew bars would see higher conversion with custom variety pack builders.,High
452,Think! Protein & Nut Snacks,USA,"Downers Grove, IL","https://maps.google.com/?q=Think!+Protein+&+Nut+Snacks+Downers+Grove,+IL",Traditional web shop lacking an interactive custom gift tin builder and modern mobile checkout,IG: @thinkproteinnut / FB: Think! Protein & Nut Snacks,General Inquiries | info@thinkproducts.com,Brand Management,your high-protein roasted nut bars and keto snack treats would thrive with our turnkey consumer e-commerce cart.,High
453,Purely Elizabeth,USA,"Boulder, CO","https://maps.google.com/?q=Purely+Elizabeth+Boulder,+CO",Traditional web shop lacking an interactive custom gift tin builder and modern mobile checkout,IG: @purelyelizabeth / FB: Purely Elizabeth,General Inquiries | info@purelyelizabeth.com,Elizabeth Stein (Founder),your ancient grain and superfood seed granolas with dried coconut and cashews deserve an elevated luxury digital storefront.,High
454,Bear Naked Granola,USA,"Solon, OH","https://maps.google.com/?q=Bear+Naked+Granola+Solon,+OH",Traditional web shop lacking an interactive custom gift tin builder and modern mobile checkout,IG: @bearnakedgranol / FB: Bear Naked Granola,General Inquiries | info@bearnaked.com,Brand Team,your custom nut and dried fruit trail mixes would achieve higher order values with our interactive build-a-tin composer.,High
455,One Degree Organic Foods,Canada,"Abbotsford, BC","https://maps.google.com/?q=One+Degree+Organic+Foods+Abbotsford,+BC",Traditional web shop lacking an interactive custom gift tin builder and modern mobile checkout,IG: @onedegreeorgani / FB: One Degree Organic Foods,General Inquiries | info@onedegreeorganics.com,Stan Smith (Co-Founder),"your sprouted organic seeds, grains, and dried fruit granolas with 100% farm transparency deserve a flagship digital boutique.",High
456,Grandy Organics,USA,"Hiram, ME","https://maps.google.com/?q=Grandy+Organics+Hiram,+ME",Traditional web shop lacking an interactive custom gift tin builder and modern mobile checkout,IG: @grandyorganics / FB: Grandy Organics,General Inquiries | info@grandyorganics.com,Aaron Anker (Chief Granola Officer),your organic roasted nuts and small-batch trail mixes powered by solar energy deserve an ultra-luxurious DTC store.,High
457,Michele's Granola,USA,"Timonium, MD","https://maps.google.com/?q=Michele's+Granola+Timonium,+MD",Traditional web shop lacking an interactive custom gift tin builder and modern mobile checkout,IG: @michelesgranola / FB: Michele's Granola,General Inquiries | info@michelesgranola.com,Michele Tsucalas (Founder),"your scratch-made artisanal granolas with whole almonds, pecans, and pumpkin seeds deserve an ultra-fast modern web store.",High
458,Bakery On Main,USA,"East Hartford, CT","https://maps.google.com/?q=Bakery+On+Main+East+Hartford,+CT",Traditional web shop lacking an interactive custom gift tin builder and modern mobile checkout,IG: @bakeryonmain / FB: Bakery On Main,General Inquiries | info@bakeryonmain.com,Michael Smulders (Founder),your certified gluten-free roasted nut granolas and sprouted seed snacks would convert higher with our express mobile checkout.,High
459,Safe + Fair Food Company,USA,"Chicago, IL","https://maps.google.com/?q=Safe+++Fair+Food+Company+Chicago,+IL",Traditional web shop lacking an interactive custom gift tin builder and modern mobile checkout,IG: @safefairfoodcom / FB: Safe + Fair Food Company,General Inquiries | info@safeandfair.com,Will Sloss (CEO),your allergen-friendly roasted seed snack mixes and dried fruit granolas deserve an elevated digital direct-to-consumer store.,High
460,MadeGood Foods,Canada,"Concord, ON","https://maps.google.com/?q=MadeGood+Foods+Concord,+ON",Traditional web shop lacking an interactive custom gift tin builder and modern mobile checkout,IG: @madegoodfoods / FB: MadeGood Foods,General Inquiries | info@madegoodfoods.com,Nima Mirpourian (Founder),your organic dried fruit granola minis with vegetable extracts would drive higher basket sizes with customized multipack composers.,High
461,Heavenly Organics,USA,"Fairfield, IA","https://maps.google.com/?q=Heavenly+Organics+Fairfield,+IA",Traditional web shop lacking an interactive custom gift tin builder and modern mobile checkout,IG: @heavenlyorganic / FB: Heavenly Organics,General Inquiries | info@heavenlyorganics.com,Amit Hooda (CEO),your 100% organic raw white honey patties and roasted almond clusters deserve an ultra-luxurious direct-to-consumer showcase.,High
462,YumEarth Organic,USA,"Stamford, CT","https://maps.google.com/?q=YumEarth+Organic+Stamford,+CT",Traditional web shop lacking an interactive custom gift tin builder and modern mobile checkout,IG: @yumearthorganic / FB: YumEarth Organic,General Inquiries | info@yumearth.com,Jonah Smith (CEO),your allergy-friendly fruit snacks and organic treats would see higher conversion with custom holiday gift packaging.,High
463,Unreal Snacks,USA,"Boston, MA","https://maps.google.com/?q=Unreal+Snacks+Boston,+MA",Traditional web shop lacking an interactive custom gift tin builder and modern mobile checkout,IG: @unrealsnacks / FB: Unreal Snacks,General Inquiries | info@unrealsnacks.com,Nicky Bronner (Co-Founder),"your fair trade dark chocolate covered almonds and peanut butter cups deserve a vibrant, high-speed direct storefront.",High
464,Hu Kitchen,USA,"New York, NY","https://maps.google.com/?q=Hu+Kitchen+New+York,+NY",Traditional web shop lacking an interactive custom gift tin builder and modern mobile checkout,IG: @hukitchen / FB: Hu Kitchen,General Inquiries | info@hukitchen.com,Jason Karp (Co-Founder),"your organic paleo dark chocolate with almonds, hazelnuts, and cashew butter deserve an editorial luxury e-commerce experience.",High
465,TCHO Chocolate & Nuts,USA,"Berkeley, CA","https://maps.google.com/?q=TCHO+Chocolate+&+Nuts+Berkeley,+CA",Traditional web shop lacking an interactive custom gift tin builder and modern mobile checkout,IG: @tchochocolatenu / FB: TCHO Chocolate & Nuts,General Inquiries | info@tcho.com,Brad Kintzer (Chief Chocolate Maker),your single-origin plant-based chocolates with roasted almonds and sea-salt hazelnuts deserve an ultra-luxurious web boutique.,High
466,Theo Chocolate,USA,"Seattle, WA","https://maps.google.com/?q=Theo+Chocolate+Seattle,+WA",Traditional web shop lacking an interactive custom gift tin builder and modern mobile checkout,IG: @theochocolate / FB: Theo Chocolate,General Inquiries | info@theochocolate.com,Etienne Patout (CEO),organic fair-trade chocolate bars with salted almond and cherry would achieve higher gifting conversion with our custom box composer.,High
467,Alter Eco Organic Foods,USA,"San Francisco, CA","https://maps.google.com/?q=Alter+Eco+Organic+Foods+San+Francisco,+CA",Traditional web shop lacking an interactive custom gift tin builder and modern mobile checkout,IG: @alterecoorganic / FB: Alter Eco Organic Foods,General Inquiries | info@alterecofoods.com,Antoine Ambert (General Manager),"your organic regeneratively farmed dried fruit, nut truffles, and superfood snacks deserve a flagship digital storefront.",High
468,Endangered Species Chocolate,USA,"Indianapolis, IN","https://maps.google.com/?q=Endangered+Species+Chocolate+Indianapolis,+IN",Traditional web shop lacking an interactive custom gift tin builder and modern mobile checkout,IG: @endangeredspeci / FB: Endangered Species Chocolate,General Inquiries | info@chocolatebar.com,Curt Vander Meer (CEO),"your ethically traded dark chocolate with blueberries, almonds, and hazelnuts would convert higher with curated gift set builders.",High
469,Once Again Nut Butter,USA,"Nunda, NY","https://maps.google.com/?q=Once+Again+Nut+Butter+Nunda,+NY",Traditional web shop lacking an interactive custom gift tin builder and modern mobile checkout,IG: @onceagainnutbut / FB: Once Again Nut Butter,General Inquiries | info@onceagainnutbutter.com,Bob Rossi (General Manager),"employee-owned since 1976, your organic almond, cashew, and sunflower seed butters deserve a modern high-speed DTC store.",High
470,Georgia Grinders,USA,"Atlanta, GA","https://maps.google.com/?q=Georgia+Grinders+Atlanta,+GA",Traditional web shop lacking an interactive custom gift tin builder and modern mobile checkout,IG: @georgiagrinders / FB: Georgia Grinders,General Inquiries | info@georgiagrinders.com,Jaime Foster (Founder),"your small-batch handcrafted cashew, almond, and pecan butters would see higher average order values with custom gift box composers.",High
471,Big Spoon Roasters,USA,"Durham, NC","https://maps.google.com/?q=Big+Spoon+Roasters+Durham,+NC",Traditional web shop lacking an interactive custom gift tin builder and modern mobile checkout,IG: @bigspoonroaster / FB: Big Spoon Roasters,General Inquiries | info@bigspoonroasters.com,Mark Overbay (Founder),your small-batch nut butters and handcrafted snack bars made with heirloom nuts deserve an ultra-luxurious digital boutique.,High
472,Ground Up PDX,USA,"Portland, OR","https://maps.google.com/?q=Ground+Up+PDX+Portland,+OR",Traditional web shop lacking an interactive custom gift tin builder and modern mobile checkout,IG: @grounduppdx / FB: Ground Up PDX,General Inquiries | info@grounduppdx.com,Julie Sullivan (Co-Founder),your palm-free sweet and savory nut butters with roasted cashews and coconut would drive higher repeat subscriptions on Next.js.,High
473,Fix & Fogg,New Zealand,"Wellington, New Zealand","https://maps.google.com/?q=Fix+&+Fogg+Wellington,+New+Zealand",Traditional web shop lacking an interactive custom gift tin builder and modern mobile checkout,IG: @fixfogg / FB: Fix & Fogg,General Inquiries | info@fixandfogg.com,Roman Jewell (Founder),"your award-winning gourmet peanut, almond, and cashew nut butters from Wellington would convert higher with our turnkey store.",High
474,Pic's Peanut Butter,New Zealand,"Nelson, New Zealand","https://maps.google.com/?q=Pic's+Peanut+Butter+Nelson,+New+Zealand",Traditional web shop lacking an interactive custom gift tin builder and modern mobile checkout,IG: @picspeanutbutte / FB: Pic's Peanut Butter,General Inquiries | info@picspeanutbutter.com,Pic Picot (Founder),"Nelson's iconic all-natural roasted nut butters and snack packs deserve a modern, international multi-currency web store.",High
475,Mayver's Pure Health,Australia,"Melbourne, VIC","https://maps.google.com/?q=Mayver's+Pure+Health+Melbourne,+VIC",Traditional web shop lacking an interactive custom gift tin builder and modern mobile checkout,IG: @mayverspureheal / FB: Mayver's Pure Health,General Inquiries | info@mayvers.com.au,Paul Raff (Managing Director),Australia's family-owned natural roasted peanut and almond spread leader would benefit from automated pantry subscriptions.,High
476,Melrose Health,Australia,"Melbourne, VIC","https://maps.google.com/?q=Melrose+Health+Melbourne,+VIC",Traditional web shop lacking an interactive custom gift tin builder and modern mobile checkout,IG: @melrosehealth / FB: Melrose Health,General Inquiries | info@melrosehealth.com.au,Geoff Newing (CEO),"your cold-pressed organic nut oils, flax seeds, and almond butter spreads deserve an ultra-luxurious direct-to-consumer store.",High
477,Carman's Kitchen,Australia,"Melbourne, VIC","https://maps.google.com/?q=Carman's+Kitchen+Melbourne,+VIC",Traditional web shop lacking an interactive custom gift tin builder and modern mobile checkout,IG: @carmanskitchen / FB: Carman's Kitchen,General Inquiries | info@carmanskitchen.com.au,Carolyn Creswell (Founder),"your roasted nut & fruit muesli bars, nut clusters, and protein seed mixes would achieve higher basket sizes on Next.js.",High
478,Sanitarium Health Food Co,Australia,"Berkeley Vale, NSW","https://maps.google.com/?q=Sanitarium+Health+Food+Co+Berkeley+Vale,+NSW",Traditional web shop lacking an interactive custom gift tin builder and modern mobile checkout,IG: @sanitariumhealt / FB: Sanitarium Health Food Co,General Inquiries | info@sanitarium.com.au,Kevin Jackson (CEO),"as a household Australian breakfast and roasted peanut butter brand, your direct consumer gifting store would thrive with our turnkey stack.",High
479,Rude Health Organic Snacks,UK,"London, UK","https://maps.google.com/?q=Rude+Health+Organic+Snacks+London,+UK",Traditional web shop lacking an interactive custom gift tin builder and modern mobile checkout,IG: @rudehealthorgan / FB: Rude Health Organic Snacks,General Inquiries | hello@rudehealth.com,Nick Barnard (Co-Founder),"your organic sprouted seed snacks, roasted almond drinks, and fruit granolas deserve an editorial luxury digital storefront.",High
480,Plenish Clean Snacks,UK,"London, UK","https://maps.google.com/?q=Plenish+Clean+Snacks+London,+UK",Traditional web shop lacking an interactive custom gift tin builder and modern mobile checkout,IG: @plenishcleansna / FB: Plenish Clean Snacks,General Inquiries | support@plenishdrinks.com,Kara Rosen (Founder),"your organic almond, cashew, and hazelnut beverages and seed blends deserve a modern, high-converting digital boutique.",High
481,Pip & Nut All-Natural Butters,UK,"London, UK","https://maps.google.com/?q=Pip+&+Nut+All-Natural+Butters+London,+UK",Traditional web shop lacking an interactive custom gift tin builder and modern mobile checkout,IG: @pipnutallnatura / FB: Pip & Nut All-Natural Butters,General Inquiries | thekernel@pipandnut.com,Pippa Murray (Founder),your palm-oil free roasted peanut and almond butters and nut cups would drive higher recurring consumer revenue on Next.js.,High
482,Meridian Foods,UK,"Glan Conwy, Wales","https://maps.google.com/?q=Meridian+Foods+Glan+Conwy,+Wales",Traditional web shop lacking an interactive custom gift tin builder and modern mobile checkout,IG: @meridianfoods / FB: Meridian Foods,General Inquiries | info@meridianfoods.co.uk,Mark Breen (Managing Director),"roasting 100% pure nuts with no added palm oil since 1989, your consumer web store would convert higher with automated subscriptions.",High
483,Deliciously Ella Gourmet Snacks,UK,"London, UK","https://maps.google.com/?q=Deliciously+Ella+Gourmet+Snacks+London,+UK",Traditional web shop lacking an interactive custom gift tin builder and modern mobile checkout,IG: @deliciouslyella / FB: Deliciously Ella Gourmet Snacks,General Inquiries | hello@deliciouslyella.com,Ella Mills (Founder),"your natural date & nut energy balls, oat bars, and roasted seed snacks deserve an ultra-luxurious direct-to-consumer store.",High
484,Perkier Superfood Bars & Nuts,UK,"Slough, Berkshire","https://maps.google.com/?q=Perkier+Superfood+Bars+&+Nuts+Slough,+Berkshire",Traditional web shop lacking an interactive custom gift tin builder and modern mobile checkout,IG: @perkiersuperfoo / FB: Perkier Superfood Bars & Nuts,General Inquiries | hello@perkier.co.uk,Ann Perkins (Founder),"your sprouted quinoa, chia seed, and whole nut snack bars would drive higher repeat subscriptions with our turnkey platform.",High
485,Trek High Protein Nut Bars,UK,"London, UK","https://maps.google.com/?q=Trek+High+Protein+Nut+Bars+London,+UK",Traditional web shop lacking an interactive custom gift tin builder and modern mobile checkout,IG: @trekhighprotein / FB: Trek High Protein Nut Bars,General Inquiries | info@trekbaruk.com,Brand Team,your 100% plant-based whole nut flapjacks and date-sweetened protein bars deserve an elevated digital direct-to-consumer store.,High
486,The Protein Ball Co,UK,"Worthing, West Sussex","https://maps.google.com/?q=The+Protein+Ball+Co+Worthing,+West+Sussex",Traditional web shop lacking an interactive custom gift tin builder and modern mobile checkout,IG: @theproteinballc / FB: The Protein Ball Co,General Inquiries | info@theproteinballco.com,Matt Hunt (Co-Founder),"your all-natural date, nut, and seed snack balls would see higher average order values with custom subscription box composers.",High
487,Rollagranola Artisanal Nuts,UK,"Hitchin, Hertfordshire","https://maps.google.com/?q=Rollagranola+Artisanal+Nuts+Hitchin,+Hertfordshire",Traditional web shop lacking an interactive custom gift tin builder and modern mobile checkout,IG: @rollagranolaart / FB: Rollagranola Artisanal Nuts,General Inquiries | info@rollagranola.com,Robin Longden (Founder),your small-batch handmade granolas packed with up to 40% whole nuts and seeds deserve an ultra-luxurious digital boutique.,High
488,Natural Balance Foods (Nākd),UK,"St Albans, Hertfordshire","https://maps.google.com/?q=Natural+Balance+Foods+(Nākd)+St+Albans,+Hertfordshire",Traditional web shop lacking an interactive custom gift tin builder and modern mobile checkout,IG: @naturalbalancef / FB: Natural Balance Foods (Nākd),General Inquiries | info@naturalbalancefoods.co.uk,Jamie Combs (Co-Founder),your 100% whole fruit & nut raw snack bars would see higher customer lifetime value with automated pantry subscriptions.,High
489,Nairn's Oatcakes & Fruit,UK,"Edinburgh, Scotland","https://maps.google.com/?q=Nairn's+Oatcakes+&+Fruit+Edinburgh,+Scotland",Traditional web shop lacking an interactive custom gift tin builder and modern mobile checkout,IG: @nairnsoatcakesf / FB: Nairn's Oatcakes & Fruit,General Inquiries | info@nairns-oatcakes.com,Mark Laing (Managing Director),"your whole grain oatcakes, dark chocolate berry biscuits, and snack crackers would convert higher with our turnkey e-commerce store.",High
490,Paterson Arran Gourmet Shortbread,UK,"Livingston, Scotland","https://maps.google.com/?q=Paterson+Arran+Gourmet+Shortbread+Livingston,+Scotland",Traditional web shop lacking an interactive custom gift tin builder and modern mobile checkout,IG: @patersonarrango / FB: Paterson Arran Gourmet Shortbread,General Inquiries | info@paterson-arran.com,Alan Paterson (Director),"baking traditional Scottish shortbread and oatcakes since 1895, your holiday gift tins deserve an interactive custom tin builder.",High
491,Island Bakery Organic,UK,"Isle of Mull, Scotland","https://maps.google.com/?q=Island+Bakery+Organic+Isle+of+Mull,+Scotland",Traditional web shop lacking an interactive custom gift tin builder and modern mobile checkout,IG: @islandbakeryorg / FB: Island Bakery Organic,General Inquiries | info@islandbakery.scot,Joe Reade (Founder),"powered by renewable wind and water on the Isle of Mull, your organic lemon melts and oat & nut biscuits deserve a luxury digital showcase.",High
492,Elmhurst 1925 Milked Nuts,USA,"Elma, NY","https://maps.google.com/?q=Elmhurst+1925+Milked+Nuts+Elma,+NY",Traditional web shop lacking an interactive custom gift tin builder and modern mobile checkout,IG: @elmhurst1925mil / FB: Elmhurst 1925 Milked Nuts,General Inquiries | info@elmhurst1925.com,Henry Schwartz (CEO),"your HydroRelease cold-milled walnut, almond, and cashew milks deserve an elevated digital direct-to-consumer store.",High
493,MALK Organics,USA,"Austin, TX","https://maps.google.com/?q=MALK+Organics+Austin,+TX",Traditional web shop lacking an interactive custom gift tin builder and modern mobile checkout,IG: @malkorganics / FB: MALK Organics,General Inquiries | info@malkorganics.com,August Vega (Co-Founder),your 100% organic sprouted almond and cashew milks without gums or oils would convert higher with flexible subscription ordering.,High
494,Califia Farms,USA,"Los Angeles, CA","https://maps.google.com/?q=Califia+Farms+Los+Angeles,+CA",Traditional web shop lacking an interactive custom gift tin builder and modern mobile checkout,IG: @califiafarms / FB: Califia Farms,General Inquiries | info@califiafarms.com,Dave Ritterbush (CEO),"your plant-based almond milks, toasted coconut, and cold brew coffees would drive higher subscriber retention with our turnkey platform.",High
495,Forager Project,USA,"San Francisco, CA","https://maps.google.com/?q=Forager+Project+San+Francisco,+CA",Traditional web shop lacking an interactive custom gift tin builder and modern mobile checkout,IG: @foragerproject / FB: Forager Project,General Inquiries | info@foragerproject.com,Stephen Williamson (Co-Founder),"your organic creamy cashew milk yogurts, cheeses, and nut-based smoothies deserve a flagship direct-to-consumer digital boutique.",High
496,Kite Hill Artisan Nut Milk,USA,"Hayward, CA","https://maps.google.com/?q=Kite+Hill+Artisan+Nut+Milk+Hayward,+CA",Traditional web shop lacking an interactive custom gift tin builder and modern mobile checkout,IG: @kitehillartisan / FB: Kite Hill Artisan Nut Milk,General Inquiries | info@kite-hill.com,Tal Ronnen (Co-Founder),"your chef-crafted almond milk ricotta, cream cheeses, and tortellini deserve an ultra-luxurious e-commerce showcase.",High
497,Harmless Harvest,USA,"San Francisco, CA","https://maps.google.com/?q=Harmless+Harvest+San+Francisco,+CA",Traditional web shop lacking an interactive custom gift tin builder and modern mobile checkout,IG: @harmlessharvest / FB: Harmless Harvest,General Inquiries | info@harmlessharvest.com,Ben Mand (CEO),your organic Nam Hom coconut water and creamy coconut yogurt cups would see higher recurring subscription orders on Next.js.,High
498,Tate's Bake Shop & Nut Cookies,USA,"Southampton, NY","https://maps.google.com/?q=Tate's+Bake+Shop+&+Nut+Cookies+Southampton,+NY",Traditional web shop lacking an interactive custom gift tin builder and modern mobile checkout,IG: @tatesbakeshopnu / FB: Tate's Bake Shop & Nut Cookies,General Inquiries | info@tatesbakeshop.com,Kathleen King (Founder),"your world-famous thin, crispy walnut and chocolate chip cookies from the Hamptons deserve an interactive corporate gift tin builder.",High
499,Levain Bakery Gourmet Gift Tins,USA,"New York, NY","https://maps.google.com/?q=Levain+Bakery+Gourmet+Gift+Tins+New+York,+NY",Traditional web shop lacking an interactive custom gift tin builder and modern mobile checkout,IG: @levainbakerygou / FB: Levain Bakery Gourmet Gift Tins,General Inquiries | orders@levainbakery.com,Pam Weekes (Co-Founder),your legendary NYC chocolate walnut cookies and holiday gift boxes would convert even higher with our luxury custom gift box builder.,High
500,Jacques Torres Chocolate & Nuts,USA,"Brooklyn, NY","https://maps.google.com/?q=Jacques+Torres+Chocolate+&+Nuts+Brooklyn,+NY",Traditional web shop lacking an interactive custom gift tin builder and modern mobile checkout,IG: @jacquestorresch / FB: Jacques Torres Chocolate & Nuts,General Inquiries | customerservice@mrchocolate.com,Jacques Torres (Master Chocolatier),"known as Mr. Chocolate, your chocolate-covered almonds, hazelnuts, and dried cherries deserve an ultra-luxurious digital boutique.",High
